{"main":"module3_american-flights-api_presentation-.raml","name":"Module3_American Flights API_Presentation","organizationId":"caf95347-429a-4a72-8c47-69fd520069a0","groupId":"caf95347-429a-4a72-8c47-69fd520069a0","assetId":"module3_american-flights-api_presentation","version":"1.0.2","metadata":{"branchId":"master","commitId":"23be762646fa08845d993fdd77fb8bbfba665284","projectId":"33be899f-3937-470b-be24-7403564273f9"},"apiVersion":"v1","classifier":"raml","dependencies":[{"assetId":"training-american-flight-data-type","groupId":"68ef9520-24e9-4cf2-b2f5-620025690913","version":"1.0.1"},{"assetId":"training-american-flights-example","groupId":"68ef9520-24e9-4cf2-b2f5-620025690913","version":"1.0.1"}],"tags":[],"originalFormatVersion":"1.0"}